{
    "note": "Force calibration data for the VideoRay m5 Thrusters, (using Jason's prop design)",
    "calibration_data": {
        "newtons": [
            -85.16798603621542,
            -83.11245965680112,
            -80.72780555898515,
            -77.26080420472348,
            -74.24265026914527,
            -67.98354200661714,
            -64.73528274880252,
            -58.839594796790784,
            -54.214964815228186,
            -49.31660284098751,
            -43.84480379387167,
            -39.157067326228415,
            -33.524153970597816,
            -27.99452422080355,
            -21.62868280175304,
            -16.710638097126996,
            -11.252028508516814,
            -6.915131637123009,
            -3.325975605624676,
            -0.6694157478467332,
            -0.0,
            1.2820153667461807,
            4.5426524240814805,
            8.881375528191455,
            13.348137837179078,
            18.081935952218934,
            23.798044353808,
            28.566743805201153,
            34.71221980983474,
            41.44351068686406,
            45.79359701676346,
            53.66790665936434,
            58.868611605503126,
            64.13079971975266,
            70.43881043612473,
            75.2278013621419,
            79.71972509966326,
            83.98438432139565,
            87.39923658587354,
            92.2549864634037,
            93.17094362793253
        ],
        "thruster_input": [
            -1.0,
            -0.95,
            -0.9,
            -0.85,
            -0.8,
            -0.75,
            -0.7,
            -0.65,
            -0.6,
            -0.55,
            -0.5,
            -0.45,
            -0.4,
            -0.35,
            -0.3,
            -0.25,
            -0.2,
            -0.15,
            -0.1,
            -0.05,
            0.0,
            0.05,
            0.1,
            0.15,
            0.2,
            0.25,
            0.3,
            0.35,
            0.4,
            0.45,
            0.5,
            0.55,
            0.6,
            0.65,
            0.7,
            0.75,
            0.8,
            0.85,
            0.9,
            0.95,
            1.0
        ]
    }
}
